[{"code":"","src":"https://http2.mlstatic.com/frontend-assets/mshops-web-widgets/v2.4.6/cookie-disclaimer.js","priority":10,"key":"widget-0"},{"code":"","src":"https://http2.mlstatic.com/frontend-assets/mshops-web-widgets/v2.6.2/menu-explorer.js","priority":10,"key":"widget-1"},{"code":"","src":"https://http2.mlstatic.com/frontend-assets/mshops-web-widgets/v2.4.6/search-explorer.js","priority":10,"key":"widget-2"},{"code":"","src":"https://http2.mlstatic.com/frontend-assets/mshops-web-widgets/v2.6.3/suscription-footer.js","priority":10,"key":"widget-3"}]